"TimeGenerated [UTC]",Computer,"_ResourceId",InstanceName,"avg_CounterValue"
"9/21/2022, 5:15:00.000 PM","lvm-hack22-aad","/subscriptions/52c981f9-6621-4f11-a6b0-938df3e219e1/resourcegroups/rg-hack22-aad-general/providers/microsoft.compute/virtualmachines/lvm-hack22-aad",cpu0,"17.972636697133893"
"9/21/2022, 5:15:00.000 PM","lvm-hack22-aad","/subscriptions/52c981f9-6621-4f11-a6b0-938df3e219e1/resourcegroups/rg-hack22-aad-general/providers/microsoft.compute/virtualmachines/lvm-hack22-aad",cpu1,"21.045233619089327"
"9/21/2022, 5:15:00.000 PM","lvm-hack22-aad","/subscriptions/52c981f9-6621-4f11-a6b0-938df3e219e1/resourcegroups/rg-hack22-aad-general/providers/microsoft.compute/virtualmachines/lvm-hack22-aad",total,"19.505084457998056"
"9/21/2022, 5:30:00.000 PM","lvm-hack22-aad","/subscriptions/52c981f9-6621-4f11-a6b0-938df3e219e1/resourcegroups/rg-hack22-aad-general/providers/microsoft.compute/virtualmachines/lvm-hack22-aad",cpu1,"9.15813286178305"
"9/21/2022, 5:30:00.000 PM","lvm-hack22-aad","/subscriptions/52c981f9-6621-4f11-a6b0-938df3e219e1/resourcegroups/rg-hack22-aad-general/providers/microsoft.compute/virtualmachines/lvm-hack22-aad",cpu0,"9.974548558031852"
"9/21/2022, 5:30:00.000 PM","lvm-hack22-aad","/subscriptions/52c981f9-6621-4f11-a6b0-938df3e219e1/resourcegroups/rg-hack22-aad-general/providers/microsoft.compute/virtualmachines/lvm-hack22-aad",total,"9.565989601327187"
"9/21/2022, 5:45:00.000 PM","lvm-hack22-aad","/subscriptions/52c981f9-6621-4f11-a6b0-938df3e219e1/resourcegroups/rg-hack22-aad-general/providers/microsoft.compute/virtualmachines/lvm-hack22-aad",cpu0,"0.8865706914194542"
"9/21/2022, 5:45:00.000 PM","lvm-hack22-aad","/subscriptions/52c981f9-6621-4f11-a6b0-938df3e219e1/resourcegroups/rg-hack22-aad-general/providers/microsoft.compute/virtualmachines/lvm-hack22-aad",cpu1,"0.9476314959342754"
"9/21/2022, 5:45:00.000 PM","lvm-hack22-aad","/subscriptions/52c981f9-6621-4f11-a6b0-938df3e219e1/resourcegroups/rg-hack22-aad-general/providers/microsoft.compute/virtualmachines/lvm-hack22-aad",total,"0.9177953722927471"
"9/21/2022, 6:00:00.000 PM","lvm-hack22-aad","/subscriptions/52c981f9-6621-4f11-a6b0-938df3e219e1/resourcegroups/rg-hack22-aad-general/providers/microsoft.compute/virtualmachines/lvm-hack22-aad",total,"1.105218265027464"
"9/21/2022, 6:00:00.000 PM","lvm-hack22-aad","/subscriptions/52c981f9-6621-4f11-a6b0-938df3e219e1/resourcegroups/rg-hack22-aad-general/providers/microsoft.compute/virtualmachines/lvm-hack22-aad",cpu0,"1.0244552356310945"
"9/21/2022, 6:00:00.000 PM","lvm-hack22-aad","/subscriptions/52c981f9-6621-4f11-a6b0-938df3e219e1/resourcegroups/rg-hack22-aad-general/providers/microsoft.compute/virtualmachines/lvm-hack22-aad",cpu1,"1.187279485842634"
"9/21/2022, 6:15:00.000 PM","lvm-hack22-aad","/subscriptions/52c981f9-6621-4f11-a6b0-938df3e219e1/resourcegroups/rg-hack22-aad-general/providers/microsoft.compute/virtualmachines/lvm-hack22-aad",cpu0,"1.2715984377313438"
"9/21/2022, 6:15:00.000 PM","lvm-hack22-aad","/subscriptions/52c981f9-6621-4f11-a6b0-938df3e219e1/resourcegroups/rg-hack22-aad-general/providers/microsoft.compute/virtualmachines/lvm-hack22-aad",total,"1.1610637876588783"
"9/21/2022, 6:15:00.000 PM","lvm-hack22-aad","/subscriptions/52c981f9-6621-4f11-a6b0-938df3e219e1/resourcegroups/rg-hack22-aad-general/providers/microsoft.compute/virtualmachines/lvm-hack22-aad",cpu1,"1.0501689850669191"
"9/21/2022, 6:30:00.000 PM","lvm-hack22-aad","/subscriptions/52c981f9-6621-4f11-a6b0-938df3e219e1/resourcegroups/rg-hack22-aad-general/providers/microsoft.compute/virtualmachines/lvm-hack22-aad",cpu1,"1.1444225541173985"
"9/21/2022, 6:30:00.000 PM","lvm-hack22-aad","/subscriptions/52c981f9-6621-4f11-a6b0-938df3e219e1/resourcegroups/rg-hack22-aad-general/providers/microsoft.compute/virtualmachines/lvm-hack22-aad",total,"1.1877612965814786"
"9/21/2022, 6:30:00.000 PM","lvm-hack22-aad","/subscriptions/52c981f9-6621-4f11-a6b0-938df3e219e1/resourcegroups/rg-hack22-aad-general/providers/microsoft.compute/virtualmachines/lvm-hack22-aad",cpu0,"1.231441120670723"
"9/21/2022, 6:45:00.000 PM","lvm-hack22-aad","/subscriptions/52c981f9-6621-4f11-a6b0-938df3e219e1/resourcegroups/rg-hack22-aad-general/providers/microsoft.compute/virtualmachines/lvm-hack22-aad",cpu0,"1.0017815280501938"
"9/21/2022, 6:45:00.000 PM","lvm-hack22-aad","/subscriptions/52c981f9-6621-4f11-a6b0-938df3e219e1/resourcegroups/rg-hack22-aad-general/providers/microsoft.compute/virtualmachines/lvm-hack22-aad",cpu1,"1.3067712151803428"
"9/21/2022, 6:45:00.000 PM","lvm-hack22-aad","/subscriptions/52c981f9-6621-4f11-a6b0-938df3e219e1/resourcegroups/rg-hack22-aad-general/providers/microsoft.compute/virtualmachines/lvm-hack22-aad",total,"1.1547944812616429"
"9/21/2022, 7:00:00.000 PM","lvm-hack22-aad","/subscriptions/52c981f9-6621-4f11-a6b0-938df3e219e1/resourcegroups/rg-hack22-aad-general/providers/microsoft.compute/virtualmachines/lvm-hack22-aad",total,"1.0211343361744947"
"9/21/2022, 7:00:00.000 PM","lvm-hack22-aad","/subscriptions/52c981f9-6621-4f11-a6b0-938df3e219e1/resourcegroups/rg-hack22-aad-general/providers/microsoft.compute/virtualmachines/lvm-hack22-aad",cpu1,"1.055480504659503"
"9/21/2022, 7:00:00.000 PM","lvm-hack22-aad","/subscriptions/52c981f9-6621-4f11-a6b0-938df3e219e1/resourcegroups/rg-hack22-aad-general/providers/microsoft.compute/virtualmachines/lvm-hack22-aad",cpu0,"0.9864908749517405"
"9/21/2022, 7:15:00.000 PM","lvm-hack22-aad","/subscriptions/52c981f9-6621-4f11-a6b0-938df3e219e1/resourcegroups/rg-hack22-aad-general/providers/microsoft.compute/virtualmachines/lvm-hack22-aad",cpu0,"0.9566734811014516"
"9/21/2022, 7:15:00.000 PM","lvm-hack22-aad","/subscriptions/52c981f9-6621-4f11-a6b0-938df3e219e1/resourcegroups/rg-hack22-aad-general/providers/microsoft.compute/virtualmachines/lvm-hack22-aad",cpu1,"0.999795225702324"
"9/21/2022, 7:15:00.000 PM","lvm-hack22-aad","/subscriptions/52c981f9-6621-4f11-a6b0-938df3e219e1/resourcegroups/rg-hack22-aad-general/providers/microsoft.compute/virtualmachines/lvm-hack22-aad",total,"0.977224773261424"
"9/21/2022, 7:30:00.000 PM","lvm-hack22-aad","/subscriptions/52c981f9-6621-4f11-a6b0-938df3e219e1/resourcegroups/rg-hack22-aad-general/providers/microsoft.compute/virtualmachines/lvm-hack22-aad",cpu0,"0.9598481359211282"
"9/21/2022, 7:30:00.000 PM","lvm-hack22-aad","/subscriptions/52c981f9-6621-4f11-a6b0-938df3e219e1/resourcegroups/rg-hack22-aad-general/providers/microsoft.compute/virtualmachines/lvm-hack22-aad",cpu1,"0.9830345574750161"
"9/21/2022, 7:30:00.000 PM","lvm-hack22-aad","/subscriptions/52c981f9-6621-4f11-a6b0-938df3e219e1/resourcegroups/rg-hack22-aad-general/providers/microsoft.compute/virtualmachines/lvm-hack22-aad",total,"0.9726542226927513"
"9/21/2022, 7:45:00.000 PM","lvm-hack22-aad","/subscriptions/52c981f9-6621-4f11-a6b0-938df3e219e1/resourcegroups/rg-hack22-aad-general/providers/microsoft.compute/virtualmachines/lvm-hack22-aad",total,"0.9681228593377477"
"9/21/2022, 7:45:00.000 PM","lvm-hack22-aad","/subscriptions/52c981f9-6621-4f11-a6b0-938df3e219e1/resourcegroups/rg-hack22-aad-general/providers/microsoft.compute/virtualmachines/lvm-hack22-aad",cpu1,"0.9339576363021477"
"9/21/2022, 7:45:00.000 PM","lvm-hack22-aad","/subscriptions/52c981f9-6621-4f11-a6b0-938df3e219e1/resourcegroups/rg-hack22-aad-general/providers/microsoft.compute/virtualmachines/lvm-hack22-aad",cpu0,"1.0031081797626684"
"9/21/2022, 8:00:00.000 PM","lvm-hack22-aad","/subscriptions/52c981f9-6621-4f11-a6b0-938df3e219e1/resourcegroups/rg-hack22-aad-general/providers/microsoft.compute/virtualmachines/lvm-hack22-aad",cpu0,"1.005086171428604"
"9/21/2022, 8:00:00.000 PM","lvm-hack22-aad","/subscriptions/52c981f9-6621-4f11-a6b0-938df3e219e1/resourcegroups/rg-hack22-aad-general/providers/microsoft.compute/virtualmachines/lvm-hack22-aad",cpu1,"0.9554278990619826"
"9/21/2022, 8:00:00.000 PM","lvm-hack22-aad","/subscriptions/52c981f9-6621-4f11-a6b0-938df3e219e1/resourcegroups/rg-hack22-aad-general/providers/microsoft.compute/virtualmachines/lvm-hack22-aad",total,"0.9808659095241671"
"9/21/2022, 8:15:00.000 PM","lvm-hack22-aad","/subscriptions/52c981f9-6621-4f11-a6b0-938df3e219e1/resourcegroups/rg-hack22-aad-general/providers/microsoft.compute/virtualmachines/lvm-hack22-aad",total,"1.0470804152784041"
"9/21/2022, 8:15:00.000 PM","lvm-hack22-aad","/subscriptions/52c981f9-6621-4f11-a6b0-938df3e219e1/resourcegroups/rg-hack22-aad-general/providers/microsoft.compute/virtualmachines/lvm-hack22-aad",cpu0,"1.0892782966160408"
"9/21/2022, 8:15:00.000 PM","lvm-hack22-aad","/subscriptions/52c981f9-6621-4f11-a6b0-938df3e219e1/resourcegroups/rg-hack22-aad-general/providers/microsoft.compute/virtualmachines/lvm-hack22-aad",cpu1,"1.0045731687575878"
"9/21/2022, 8:30:00.000 PM","lvm-hack22-aad","/subscriptions/52c981f9-6621-4f11-a6b0-938df3e219e1/resourcegroups/rg-hack22-aad-general/providers/microsoft.compute/virtualmachines/lvm-hack22-aad",cpu0,"1.0906622877720378"
"9/21/2022, 8:30:00.000 PM","lvm-hack22-aad","/subscriptions/52c981f9-6621-4f11-a6b0-938df3e219e1/resourcegroups/rg-hack22-aad-general/providers/microsoft.compute/virtualmachines/lvm-hack22-aad",cpu1,"0.9872463066456058"
"9/21/2022, 8:30:00.000 PM","lvm-hack22-aad","/subscriptions/52c981f9-6621-4f11-a6b0-938df3e219e1/resourcegroups/rg-hack22-aad-general/providers/microsoft.compute/virtualmachines/lvm-hack22-aad",total,"1.0397085598910245"
"9/21/2022, 9:30:00.000 PM","lvm-hack22-aad","/subscriptions/52c981f9-6621-4f11-a6b0-938df3e219e1/resourcegroups/rg-hack22-aad-general/providers/microsoft.compute/virtualmachines/lvm-hack22-aad",total,"12.393594099655676"
"9/21/2022, 9:30:00.000 PM","lvm-hack22-aad","/subscriptions/52c981f9-6621-4f11-a6b0-938df3e219e1/resourcegroups/rg-hack22-aad-general/providers/microsoft.compute/virtualmachines/lvm-hack22-aad",cpu1,"11.469227223372437"
"9/21/2022, 9:30:00.000 PM","lvm-hack22-aad","/subscriptions/52c981f9-6621-4f11-a6b0-938df3e219e1/resourcegroups/rg-hack22-aad-general/providers/microsoft.compute/virtualmachines/lvm-hack22-aad",cpu0,"13.330622003760988"
"9/21/2022, 9:45:00.000 PM","lvm-hack22-aad","/subscriptions/52c981f9-6621-4f11-a6b0-938df3e219e1/resourcegroups/rg-hack22-aad-general/providers/microsoft.compute/virtualmachines/lvm-hack22-aad",total,"5.202072465681256"
"9/21/2022, 9:45:00.000 PM","lvm-hack22-aad","/subscriptions/52c981f9-6621-4f11-a6b0-938df3e219e1/resourcegroups/rg-hack22-aad-general/providers/microsoft.compute/virtualmachines/lvm-hack22-aad",cpu1,"5.333572114196778"
"9/21/2022, 9:45:00.000 PM","lvm-hack22-aad","/subscriptions/52c981f9-6621-4f11-a6b0-938df3e219e1/resourcegroups/rg-hack22-aad-general/providers/microsoft.compute/virtualmachines/lvm-hack22-aad",cpu0,"5.071606498814171"
"9/21/2022, 10:00:00.000 PM","lvm-hack22-aad","/subscriptions/52c981f9-6621-4f11-a6b0-938df3e219e1/resourcegroups/rg-hack22-aad-general/providers/microsoft.compute/virtualmachines/lvm-hack22-aad",cpu1,"0.7799669950871216"
"9/21/2022, 10:00:00.000 PM","lvm-hack22-aad","/subscriptions/52c981f9-6621-4f11-a6b0-938df3e219e1/resourcegroups/rg-hack22-aad-general/providers/microsoft.compute/virtualmachines/lvm-hack22-aad",cpu0,"0.8483081590037868"
"9/21/2022, 10:00:00.000 PM","lvm-hack22-aad","/subscriptions/52c981f9-6621-4f11-a6b0-938df3e219e1/resourcegroups/rg-hack22-aad-general/providers/microsoft.compute/virtualmachines/lvm-hack22-aad",total,"0.8147492347780719"
"9/21/2022, 10:15:00.000 PM","lvm-hack22-aad","/subscriptions/52c981f9-6621-4f11-a6b0-938df3e219e1/resourcegroups/rg-hack22-aad-general/providers/microsoft.compute/virtualmachines/lvm-hack22-aad",cpu0,"0.9181259974037139"
"9/21/2022, 10:15:00.000 PM","lvm-hack22-aad","/subscriptions/52c981f9-6621-4f11-a6b0-938df3e219e1/resourcegroups/rg-hack22-aad-general/providers/microsoft.compute/virtualmachines/lvm-hack22-aad",cpu1,"0.7991119089396579"
"9/21/2022, 10:15:00.000 PM","lvm-hack22-aad","/subscriptions/52c981f9-6621-4f11-a6b0-938df3e219e1/resourcegroups/rg-hack22-aad-general/providers/microsoft.compute/virtualmachines/lvm-hack22-aad",total,"0.8599114640677981"
"9/21/2022, 10:30:00.000 PM","lvm-hack22-aad","/subscriptions/52c981f9-6621-4f11-a6b0-938df3e219e1/resourcegroups/rg-hack22-aad-general/providers/microsoft.compute/virtualmachines/lvm-hack22-aad",cpu1,"0.8957426791425341"
"9/21/2022, 10:30:00.000 PM","lvm-hack22-aad","/subscriptions/52c981f9-6621-4f11-a6b0-938df3e219e1/resourcegroups/rg-hack22-aad-general/providers/microsoft.compute/virtualmachines/lvm-hack22-aad",total,"0.8615101838136915"
"9/21/2022, 10:30:00.000 PM","lvm-hack22-aad","/subscriptions/52c981f9-6621-4f11-a6b0-938df3e219e1/resourcegroups/rg-hack22-aad-general/providers/microsoft.compute/virtualmachines/lvm-hack22-aad",cpu0,"0.830432896413828"
"9/21/2022, 10:45:00.000 PM","lvm-hack22-aad","/subscriptions/52c981f9-6621-4f11-a6b0-938df3e219e1/resourcegroups/rg-hack22-aad-general/providers/microsoft.compute/virtualmachines/lvm-hack22-aad",cpu1,"0.8157392112582742"
"9/21/2022, 10:45:00.000 PM","lvm-hack22-aad","/subscriptions/52c981f9-6621-4f11-a6b0-938df3e219e1/resourcegroups/rg-hack22-aad-general/providers/microsoft.compute/virtualmachines/lvm-hack22-aad",total,"0.8270147451561833"
"9/21/2022, 10:45:00.000 PM","lvm-hack22-aad","/subscriptions/52c981f9-6621-4f11-a6b0-938df3e219e1/resourcegroups/rg-hack22-aad-general/providers/microsoft.compute/virtualmachines/lvm-hack22-aad",cpu0,"0.8369091939962796"
"9/21/2022, 11:00:00.000 PM","lvm-hack22-aad","/subscriptions/52c981f9-6621-4f11-a6b0-938df3e219e1/resourcegroups/rg-hack22-aad-general/providers/microsoft.compute/virtualmachines/lvm-hack22-aad",cpu0,"0.8245298995169538"
"9/21/2022, 11:00:00.000 PM","lvm-hack22-aad","/subscriptions/52c981f9-6621-4f11-a6b0-938df3e219e1/resourcegroups/rg-hack22-aad-general/providers/microsoft.compute/virtualmachines/lvm-hack22-aad",cpu1,"0.8468911123493672"
"9/21/2022, 11:00:00.000 PM","lvm-hack22-aad","/subscriptions/52c981f9-6621-4f11-a6b0-938df3e219e1/resourcegroups/rg-hack22-aad-general/providers/microsoft.compute/virtualmachines/lvm-hack22-aad",total,"0.8357397294735792"
"9/21/2022, 11:15:00.000 PM","lvm-hack22-aad","/subscriptions/52c981f9-6621-4f11-a6b0-938df3e219e1/resourcegroups/rg-hack22-aad-general/providers/microsoft.compute/virtualmachines/lvm-hack22-aad",total,"0.8552594583210608"
"9/21/2022, 11:15:00.000 PM","lvm-hack22-aad","/subscriptions/52c981f9-6621-4f11-a6b0-938df3e219e1/resourcegroups/rg-hack22-aad-general/providers/microsoft.compute/virtualmachines/lvm-hack22-aad",cpu0,"0.8813773414789837"
"9/21/2022, 11:15:00.000 PM","lvm-hack22-aad","/subscriptions/52c981f9-6621-4f11-a6b0-938df3e219e1/resourcegroups/rg-hack22-aad-general/providers/microsoft.compute/virtualmachines/lvm-hack22-aad",cpu1,"0.8279366549185078"
"9/21/2022, 11:30:00.000 PM","lvm-hack22-aad","/subscriptions/52c981f9-6621-4f11-a6b0-938df3e219e1/resourcegroups/rg-hack22-aad-general/providers/microsoft.compute/virtualmachines/lvm-hack22-aad",cpu1,"0.796699702555238"
"9/21/2022, 11:30:00.000 PM","lvm-hack22-aad","/subscriptions/52c981f9-6621-4f11-a6b0-938df3e219e1/resourcegroups/rg-hack22-aad-general/providers/microsoft.compute/virtualmachines/lvm-hack22-aad",cpu0,"0.8982026016955762"
"9/21/2022, 11:30:00.000 PM","lvm-hack22-aad","/subscriptions/52c981f9-6621-4f11-a6b0-938df3e219e1/resourcegroups/rg-hack22-aad-general/providers/microsoft.compute/virtualmachines/lvm-hack22-aad",total,"0.8480396713954722"
"9/21/2022, 11:45:00.000 PM","lvm-hack22-aad","/subscriptions/52c981f9-6621-4f11-a6b0-938df3e219e1/resourcegroups/rg-hack22-aad-general/providers/microsoft.compute/virtualmachines/lvm-hack22-aad",cpu1,"0.8059118604145923"
"9/21/2022, 11:45:00.000 PM","lvm-hack22-aad","/subscriptions/52c981f9-6621-4f11-a6b0-938df3e219e1/resourcegroups/rg-hack22-aad-general/providers/microsoft.compute/virtualmachines/lvm-hack22-aad",cpu0,"0.8578385297815337"
"9/21/2022, 11:45:00.000 PM","lvm-hack22-aad","/subscriptions/52c981f9-6621-4f11-a6b0-938df3e219e1/resourcegroups/rg-hack22-aad-general/providers/microsoft.compute/virtualmachines/lvm-hack22-aad",total,"0.8308466332258637"
"9/22/2022, 12:00:00.000 AM","lvm-hack22-aad","/subscriptions/52c981f9-6621-4f11-a6b0-938df3e219e1/resourcegroups/rg-hack22-aad-general/providers/microsoft.compute/virtualmachines/lvm-hack22-aad",total,"0.8469007083013541"
"9/22/2022, 12:00:00.000 AM","lvm-hack22-aad","/subscriptions/52c981f9-6621-4f11-a6b0-938df3e219e1/resourcegroups/rg-hack22-aad-general/providers/microsoft.compute/virtualmachines/lvm-hack22-aad",cpu1,"0.8176931943222538"
"9/22/2022, 12:00:00.000 AM","lvm-hack22-aad","/subscriptions/52c981f9-6621-4f11-a6b0-938df3e219e1/resourcegroups/rg-hack22-aad-general/providers/microsoft.compute/virtualmachines/lvm-hack22-aad",cpu0,"0.8748179363905201"
"9/22/2022, 12:15:00.000 AM","lvm-hack22-aad","/subscriptions/52c981f9-6621-4f11-a6b0-938df3e219e1/resourcegroups/rg-hack22-aad-general/providers/microsoft.compute/virtualmachines/lvm-hack22-aad",total,"0.8514320738593217"
"9/22/2022, 12:15:00.000 AM","lvm-hack22-aad","/subscriptions/52c981f9-6621-4f11-a6b0-938df3e219e1/resourcegroups/rg-hack22-aad-general/providers/microsoft.compute/virtualmachines/lvm-hack22-aad",cpu1,"0.803610520797703"
"9/22/2022, 12:15:00.000 AM","lvm-hack22-aad","/subscriptions/52c981f9-6621-4f11-a6b0-938df3e219e1/resourcegroups/rg-hack22-aad-general/providers/microsoft.compute/virtualmachines/lvm-hack22-aad",cpu0,"0.9014344497708913"
"9/22/2022, 12:30:00.000 AM","lvm-hack22-aad","/subscriptions/52c981f9-6621-4f11-a6b0-938df3e219e1/resourcegroups/rg-hack22-aad-general/providers/microsoft.compute/virtualmachines/lvm-hack22-aad",cpu0,"0.871653869705592"
"9/22/2022, 12:30:00.000 AM","lvm-hack22-aad","/subscriptions/52c981f9-6621-4f11-a6b0-938df3e219e1/resourcegroups/rg-hack22-aad-general/providers/microsoft.compute/virtualmachines/lvm-hack22-aad",total,"0.8742955714329059"
"9/22/2022, 12:30:00.000 AM","lvm-hack22-aad","/subscriptions/52c981f9-6621-4f11-a6b0-938df3e219e1/resourcegroups/rg-hack22-aad-general/providers/microsoft.compute/virtualmachines/lvm-hack22-aad",cpu1,"0.8745403064745492"
"9/22/2022, 12:45:00.000 AM","lvm-hack22-aad","/subscriptions/52c981f9-6621-4f11-a6b0-938df3e219e1/resourcegroups/rg-hack22-aad-general/providers/microsoft.compute/virtualmachines/lvm-hack22-aad",cpu0,"0.8716399385052782"
"9/22/2022, 12:45:00.000 AM","lvm-hack22-aad","/subscriptions/52c981f9-6621-4f11-a6b0-938df3e219e1/resourcegroups/rg-hack22-aad-general/providers/microsoft.compute/virtualmachines/lvm-hack22-aad",total,"0.8376222421431688"
"9/22/2022, 12:45:00.000 AM","lvm-hack22-aad","/subscriptions/52c981f9-6621-4f11-a6b0-938df3e219e1/resourcegroups/rg-hack22-aad-general/providers/microsoft.compute/virtualmachines/lvm-hack22-aad",cpu1,"0.8045653906988023"
"9/22/2022, 1:00:00.000 AM","lvm-hack22-aad","/subscriptions/52c981f9-6621-4f11-a6b0-938df3e219e1/resourcegroups/rg-hack22-aad-general/providers/microsoft.compute/virtualmachines/lvm-hack22-aad",total,"0.8352703400335135"
"9/22/2022, 1:00:00.000 AM","lvm-hack22-aad","/subscriptions/52c981f9-6621-4f11-a6b0-938df3e219e1/resourcegroups/rg-hack22-aad-general/providers/microsoft.compute/virtualmachines/lvm-hack22-aad",cpu1,"0.7901167831773706"
"9/22/2022, 1:00:00.000 AM","lvm-hack22-aad","/subscriptions/52c981f9-6621-4f11-a6b0-938df3e219e1/resourcegroups/rg-hack22-aad-general/providers/microsoft.compute/virtualmachines/lvm-hack22-aad",cpu0,"0.8814607630809139"
"9/22/2022, 1:15:00.000 AM","lvm-hack22-aad","/subscriptions/52c981f9-6621-4f11-a6b0-938df3e219e1/resourcegroups/rg-hack22-aad-general/providers/microsoft.compute/virtualmachines/lvm-hack22-aad",total,"0.8759855212650886"
"9/22/2022, 1:15:00.000 AM","lvm-hack22-aad","/subscriptions/52c981f9-6621-4f11-a6b0-938df3e219e1/resourcegroups/rg-hack22-aad-general/providers/microsoft.compute/virtualmachines/lvm-hack22-aad",cpu1,"0.8046092958443963"
"9/22/2022, 1:15:00.000 AM","lvm-hack22-aad","/subscriptions/52c981f9-6621-4f11-a6b0-938df3e219e1/resourcegroups/rg-hack22-aad-general/providers/microsoft.compute/virtualmachines/lvm-hack22-aad",cpu0,"0.9473353748165447"
"9/22/2022, 1:30:00.000 AM","lvm-hack22-aad","/subscriptions/52c981f9-6621-4f11-a6b0-938df3e219e1/resourcegroups/rg-hack22-aad-general/providers/microsoft.compute/virtualmachines/lvm-hack22-aad",cpu0,"0.8960381864249993"
"9/22/2022, 1:30:00.000 AM","lvm-hack22-aad","/subscriptions/52c981f9-6621-4f11-a6b0-938df3e219e1/resourcegroups/rg-hack22-aad-general/providers/microsoft.compute/virtualmachines/lvm-hack22-aad",cpu1,"0.774609068568244"
"9/22/2022, 1:30:00.000 AM","lvm-hack22-aad","/subscriptions/52c981f9-6621-4f11-a6b0-938df3e219e1/resourcegroups/rg-hack22-aad-general/providers/microsoft.compute/virtualmachines/lvm-hack22-aad",total,"0.8360047121729804"
"9/22/2022, 1:45:00.000 AM","lvm-hack22-aad","/subscriptions/52c981f9-6621-4f11-a6b0-938df3e219e1/resourcegroups/rg-hack22-aad-general/providers/microsoft.compute/virtualmachines/lvm-hack22-aad",total,"0.8503574397318252"
"9/22/2022, 1:45:00.000 AM","lvm-hack22-aad","/subscriptions/52c981f9-6621-4f11-a6b0-938df3e219e1/resourcegroups/rg-hack22-aad-general/providers/microsoft.compute/virtualmachines/lvm-hack22-aad",cpu1,"0.8313218500207465"
"9/22/2022, 1:45:00.000 AM","lvm-hack22-aad","/subscriptions/52c981f9-6621-4f11-a6b0-938df3e219e1/resourcegroups/rg-hack22-aad-general/providers/microsoft.compute/virtualmachines/lvm-hack22-aad",cpu0,"0.8704281807125425"
"9/22/2022, 2:00:00.000 AM","lvm-hack22-aad","/subscriptions/52c981f9-6621-4f11-a6b0-938df3e219e1/resourcegroups/rg-hack22-aad-general/providers/microsoft.compute/virtualmachines/lvm-hack22-aad",cpu0,"0.8260108944944866"
"9/22/2022, 2:00:00.000 AM","lvm-hack22-aad","/subscriptions/52c981f9-6621-4f11-a6b0-938df3e219e1/resourcegroups/rg-hack22-aad-general/providers/microsoft.compute/virtualmachines/lvm-hack22-aad",cpu1,"0.7419651785455028"
"9/22/2022, 2:00:00.000 AM","lvm-hack22-aad","/subscriptions/52c981f9-6621-4f11-a6b0-938df3e219e1/resourcegroups/rg-hack22-aad-general/providers/microsoft.compute/virtualmachines/lvm-hack22-aad",total,"0.7856390673577647"
